type,sid,hour,minute,temperature,timestamp,punctuation_field,punctuation_value
READING,S1,0,0,21.09,1768407349689,,
READING,S1,0,0,32.40,1768407349736,,
READING,S2,0,0,19.59,1768407349736,,
READING,S2,0,0,23.65,1768407349736,,
READING,S3,0,0,23.66,1768407349737,,
READING,S3,0,0,33.02,1768407349737,,
READING,S1,0,1,23.21,1768407349737,,
READING,S1,0,1,25.75,1768407349737,,
READING,S2,0,1,32.33,1768407349737,,
READING,S2,0,1,15.31,1768407349737,,
READING,S3,0,1,22.50,1768407349737,,
READING,S3,0,1,26.90,1768407349737,,
READING,S1,0,2,32.52,1768407349738,,
READING,S1,0,2,15.94,1768407349738,,
READING,S2,0,2,30.73,1768407349738,,
READING,S2,0,2,19.41,1768407349738,,
READING,S3,0,2,17.83,1768407349738,,
READING,S3,0,2,23.07,1768407349738,,
READING,S1,0,3,24.23,1768407349739,,
READING,S1,0,3,30.40,1768407349739,,
READING,S2,0,3,30.09,1768407349739,,
READING,S2,0,3,22.57,1768407349739,,
READING,S3,0,3,25.79,1768407349741,,
READING,S3,0,3,34.59,1768407349741,,
READING,S1,0,4,17.07,1768407349741,,
READING,S1,0,4,33.88,1768407349744,,
READING,S2,0,4,23.29,1768407349744,,
READING,S2,0,4,24.78,1768407349745,,
READING,S3,0,4,28.59,1768407349745,,
READING,S3,0,4,22.42,1768407349745,,
READING,S1,0,5,19.09,1768407349745,,
READING,S1,0,5,30.37,1768407349746,,
READING,S2,0,5,29.71,1768407349746,,
READING,S2,0,5,17.53,1768407349747,,
READING,S3,0,5,23.46,1768407349747,,
READING,S3,0,5,29.59,1768407349747,,
READING,S1,0,6,33.18,1768407349747,,
READING,S1,0,6,18.25,1768407349748,,
READING,S2,0,6,19.38,1768407349748,,
READING,S2,0,6,16.64,1768407349748,,
READING,S3,0,6,22.29,1768407349749,,
READING,S3,0,6,32.62,1768407349749,,
READING,S1,0,7,15.14,1768407349749,,
READING,S1,0,7,21.72,1768407349749,,
READING,S2,0,7,30.09,1768407349749,,
READING,S2,0,7,30.54,1768407349750,,
READING,S3,0,7,26.61,1768407349750,,
READING,S3,0,7,18.69,1768407349750,,
READING,S1,0,8,21.17,1768407349750,,
READING,S1,0,8,15.01,1768407349750,,
READING,S2,0,8,31.24,1768407349751,,
READING,S2,0,8,32.97,1768407349751,,
READING,S3,0,8,28.23,1768407349751,,
READING,S3,0,8,32.14,1768407349751,,
READING,S1,0,9,32.43,1768407349751,,
READING,S1,0,9,20.41,1768407349751,,
READING,S2,0,9,27.28,1768407349751,,
READING,S2,0,9,26.39,1768407349752,,
READING,S3,0,9,24.72,1768407349752,,
READING,S3,0,9,27.05,1768407349753,,
READING,S1,0,10,32.34,1768407349753,,
READING,S1,0,10,24.24,1768407349753,,
READING,S2,0,10,17.66,1768407349753,,
READING,S2,0,10,18.84,1768407349753,,
READING,S3,0,10,33.55,1768407349753,,
READING,S3,0,10,16.84,1768407349754,,
READING,S1,0,11,19.62,1768407349754,,
READING,S1,0,11,31.07,1768407349754,,
READING,S2,0,11,30.99,1768407349754,,
READING,S2,0,11,30.21,1768407349754,,
READING,S3,0,11,21.18,1768407349754,,
READING,S3,0,11,27.54,1768407349754,,
READING,S1,0,12,30.48,1768407349755,,
READING,S1,0,12,20.18,1768407349755,,
READING,S2,0,12,32.63,1768407349755,,
READING,S2,0,12,21.43,1768407349755,,
READING,S3,0,12,27.56,1768407349755,,
READING,S3,0,12,28.41,1768407349755,,
READING,S1,0,13,19.62,1768407349755,,
READING,S1,0,13,31.39,1768407349755,,
READING,S2,0,13,30.85,1768407349756,,
READING,S2,0,13,25.88,1768407349756,,
READING,S3,0,13,27.05,1768407349756,,
READING,S3,0,13,29.46,1768407349756,,
READING,S1,0,14,27.45,1768407349756,,
READING,S1,0,14,30.44,1768407349756,,
READING,S2,0,14,22.34,1768407349756,,
READING,S2,0,14,20.45,1768407349756,,
READING,S3,0,14,28.98,1768407349756,,
READING,S3,0,14,16.47,1768407349757,,
READING,S1,0,15,26.17,1768407349757,,
READING,S1,0,15,16.58,1768407349757,,
READING,S2,0,15,19.70,1768407349757,,
READING,S2,0,15,16.13,1768407349757,,
READING,S3,0,15,31.24,1768407349757,,
READING,S3,0,15,15.37,1768407349757,,
READING,S1,0,16,15.50,1768407349757,,
READING,S1,0,16,24.21,1768407349758,,
READING,S2,0,16,18.01,1768407349758,,
READING,S2,0,16,34.38,1768407349758,,
READING,S3,0,16,16.24,1768407349758,,
READING,S3,0,16,21.59,1768407349758,,
READING,S1,0,17,19.63,1768407349758,,
READING,S1,0,17,21.96,1768407349758,,
READING,S2,0,17,33.11,1768407349758,,
READING,S2,0,17,25.80,1768407349758,,
READING,S3,0,17,28.34,1768407349758,,
READING,S3,0,17,29.41,1768407349758,,
READING,S1,0,18,16.91,1768407349758,,
READING,S1,0,18,21.59,1768407349758,,
READING,S2,0,18,29.89,1768407349758,,
READING,S2,0,18,17.58,1768407349758,,
READING,S3,0,18,24.23,1768407349758,,
READING,S3,0,18,19.09,1768407349758,,
READING,S1,0,19,23.97,1768407349758,,
READING,S1,0,19,17.92,1768407349758,,
READING,S2,0,19,33.59,1768407349758,,
READING,S2,0,19,32.76,1768407349760,,
READING,S3,0,19,34.13,1768407349760,,
READING,S3,0,19,16.80,1768407349760,,
READING,S1,0,20,26.08,1768407349760,,
READING,S1,0,20,30.48,1768407349760,,
READING,S2,0,20,33.24,1768407349760,,
READING,S2,0,20,20.64,1768407349760,,
READING,S3,0,20,31.47,1768407349761,,
READING,S3,0,20,28.69,1768407349761,,
READING,S1,0,21,27.51,1768407349761,,
READING,S1,0,21,28.94,1768407349761,,
READING,S2,0,21,34.04,1768407349761,,
READING,S2,0,21,26.98,1768407349761,,
READING,S3,0,21,15.69,1768407349761,,
READING,S3,0,21,32.54,1768407349762,,
READING,S1,0,22,30.82,1768407349762,,
READING,S1,0,22,23.56,1768407349762,,
READING,S2,0,22,28.47,1768407349762,,
READING,S2,0,22,25.17,1768407349762,,
READING,S3,0,22,18.79,1768407349762,,
READING,S3,0,22,31.57,1768407349762,,
READING,S1,0,23,17.79,1768407349762,,
READING,S1,0,23,27.84,1768407349762,,
READING,S2,0,23,17.38,1768407349763,,
READING,S2,0,23,25.35,1768407349763,,
READING,S3,0,23,25.51,1768407349763,,
READING,S3,0,23,17.63,1768407349763,,
READING,S1,0,24,28.22,1768407349763,,
READING,S1,0,24,25.92,1768407349764,,
READING,S2,0,24,16.82,1768407349764,,
READING,S2,0,24,25.14,1768407349764,,
READING,S3,0,24,34.52,1768407349764,,
READING,S3,0,24,25.09,1768407349764,,
READING,S1,0,25,34.83,1768407349764,,
READING,S1,0,25,18.16,1768407349764,,
READING,S2,0,25,29.55,1768407349764,,
READING,S2,0,25,29.04,1768407349764,,
READING,S3,0,25,19.71,1768407349764,,
READING,S3,0,25,22.96,1768407349764,,
READING,S1,0,26,15.55,1768407349764,,
READING,S1,0,26,33.55,1768407349765,,
READING,S2,0,26,18.41,1768407349765,,
READING,S2,0,26,29.33,1768407349765,,
READING,S3,0,26,32.47,1768407349765,,
READING,S3,0,26,25.98,1768407349766,,
READING,S1,0,27,28.88,1768407349766,,
READING,S1,0,27,20.55,1768407349766,,
READING,S2,0,27,19.18,1768407349766,,
READING,S2,0,27,21.49,1768407349766,,
READING,S3,0,27,16.81,1768407349766,,
READING,S3,0,27,25.18,1768407349766,,
READING,S1,0,28,19.06,1768407349766,,
READING,S1,0,28,25.10,1768407349766,,
READING,S2,0,28,31.96,1768407349766,,
READING,S2,0,28,24.28,1768407349767,,
READING,S3,0,28,16.49,1768407349767,,
READING,S3,0,28,25.04,1768407349767,,
READING,S1,0,29,16.38,1768407349767,,
READING,S1,0,29,24.38,1768407349767,,
READING,S2,0,29,31.07,1768407349767,,
READING,S2,0,29,28.01,1768407349767,,
READING,S3,0,29,17.49,1768407349772,,
READING,S3,0,29,24.45,1768407349772,,
READING,S1,0,30,22.50,1768407349772,,
READING,S1,0,30,22.31,1768407349772,,
READING,S2,0,30,15.08,1768407349772,,
READING,S2,0,30,23.32,1768407349772,,
READING,S3,0,30,30.36,1768407349773,,
READING,S3,0,30,20.81,1768407349773,,
READING,S1,0,31,23.34,1768407349773,,
READING,S1,0,31,32.83,1768407349773,,
READING,S2,0,31,30.63,1768407349773,,
READING,S2,0,31,32.77,1768407349773,,
READING,S3,0,31,16.55,1768407349773,,
READING,S3,0,31,21.80,1768407349773,,
READING,S1,0,32,33.16,1768407349773,,
READING,S1,0,32,20.55,1768407349773,,
READING,S2,0,32,30.01,1768407349773,,
READING,S2,0,32,15.79,1768407349774,,
READING,S3,0,32,33.21,1768407349774,,
READING,S3,0,32,15.52,1768407349774,,
READING,S1,0,33,26.86,1768407349774,,
READING,S1,0,33,18.68,1768407349774,,
READING,S2,0,33,23.87,1768407349774,,
READING,S2,0,33,15.80,1768407349774,,
READING,S3,0,33,15.59,1768407349774,,
READING,S3,0,33,23.27,1768407349774,,
READING,S1,0,34,16.22,1768407349774,,
READING,S1,0,34,28.01,1768407349774,,
READING,S2,0,34,33.20,1768407349774,,
READING,S2,0,34,20.40,1768407349774,,
READING,S3,0,34,19.08,1768407349774,,
READING,S3,0,34,24.93,1768407349774,,
READING,S1,0,35,34.47,1768407349774,,
READING,S1,0,35,18.59,1768407349774,,
READING,S2,0,35,21.52,1768407349774,,
READING,S2,0,35,31.27,1768407349774,,
READING,S3,0,35,29.29,1768407349774,,
READING,S3,0,35,29.61,1768407349774,,
READING,S1,0,36,17.54,1768407349774,,
READING,S1,0,36,21.26,1768407349774,,
READING,S2,0,36,26.67,1768407349775,,
READING,S2,0,36,19.18,1768407349775,,
READING,S3,0,36,34.76,1768407349775,,
READING,S3,0,36,33.21,1768407349775,,
READING,S1,0,37,16.68,1768407349775,,
READING,S1,0,37,26.75,1768407349775,,
READING,S2,0,37,16.78,1768407349775,,
READING,S2,0,37,18.59,1768407349776,,
READING,S3,0,37,29.79,1768407349776,,
READING,S3,0,37,23.30,1768407349776,,
READING,S1,0,38,22.11,1768407349776,,
READING,S1,0,38,26.26,1768407349776,,
READING,S2,0,38,16.55,1768407349776,,
READING,S2,0,38,21.99,1768407349776,,
READING,S3,0,38,22.05,1768407349776,,
READING,S3,0,38,16.13,1768407349776,,
READING,S1,0,39,30.47,1768407349776,,
READING,S1,0,39,22.89,1768407349776,,
READING,S2,0,39,24.10,1768407349777,,
READING,S2,0,39,20.51,1768407349777,,
READING,S3,0,39,31.34,1768407349777,,
READING,S3,0,39,20.16,1768407349777,,
READING,S1,0,40,18.33,1768407349777,,
READING,S1,0,40,26.63,1768407349777,,
READING,S2,0,40,17.41,1768407349777,,
READING,S2,0,40,27.51,1768407349777,,
READING,S3,0,40,19.71,1768407349777,,
READING,S3,0,40,18.97,1768407349778,,
READING,S1,0,41,20.85,1768407349778,,
READING,S1,0,41,26.34,1768407349778,,
READING,S2,0,41,21.10,1768407349778,,
READING,S2,0,41,16.45,1768407349778,,
READING,S3,0,41,22.80,1768407349778,,
READING,S3,0,41,29.64,1768407349778,,
READING,S1,0,42,18.99,1768407349778,,
READING,S1,0,42,25.98,1768407349778,,
READING,S2,0,42,22.06,1768407349778,,
READING,S2,0,42,24.52,1768407349778,,
READING,S3,0,42,26.52,1768407349778,,
READING,S3,0,42,31.51,1768407349778,,
READING,S1,0,43,24.20,1768407349780,,
READING,S1,0,43,26.17,1768407349780,,
READING,S2,0,43,27.26,1768407349780,,
READING,S2,0,43,25.40,1768407349780,,
READING,S3,0,43,27.24,1768407349780,,
READING,S3,0,43,27.03,1768407349780,,
READING,S1,0,44,26.80,1768407349780,,
READING,S1,0,44,27.92,1768407349780,,
READING,S2,0,44,23.74,1768407349780,,
READING,S2,0,44,16.35,1768407349780,,
READING,S3,0,44,29.33,1768407349780,,
READING,S3,0,44,29.58,1768407349780,,
READING,S1,0,45,19.80,1768407349780,,
READING,S1,0,45,17.25,1768407349780,,
READING,S2,0,45,21.46,1768407349780,,
READING,S2,0,45,31.01,1768407349780,,
READING,S3,0,45,26.69,1768407349780,,
READING,S3,0,45,21.23,1768407349780,,
READING,S1,0,46,26.66,1768407349780,,
READING,S1,0,46,25.71,1768407349780,,
READING,S2,0,46,32.26,1768407349780,,
READING,S2,0,46,33.28,1768407349780,,
READING,S3,0,46,20.07,1768407349780,,
READING,S3,0,46,31.76,1768407349780,,
READING,S1,0,47,26.25,1768407349780,,
READING,S1,0,47,34.65,1768407349780,,
READING,S2,0,47,25.93,1768407349780,,
READING,S2,0,47,30.77,1768407349781,,
READING,S3,0,47,15.89,1768407349781,,
READING,S3,0,47,25.02,1768407349781,,
READING,S1,0,48,17.37,1768407349781,,
READING,S1,0,48,34.33,1768407349781,,
READING,S2,0,48,26.63,1768407349781,,
READING,S2,0,48,20.80,1768407349781,,
READING,S3,0,48,22.06,1768407349781,,
READING,S3,0,48,31.38,1768407349781,,
READING,S1,0,49,16.40,1768407349782,,
READING,S1,0,49,22.28,1768407349782,,
READING,S2,0,49,26.21,1768407349782,,
READING,S2,0,49,33.59,1768407349782,,
READING,S3,0,49,21.21,1768407349782,,
READING,S3,0,49,18.57,1768407349782,,
READING,S1,0,50,23.88,1768407349782,,
READING,S1,0,50,29.91,1768407349782,,
READING,S2,0,50,15.14,1768407349782,,
READING,S2,0,50,16.58,1768407349782,,
READING,S3,0,50,19.35,1768407349782,,
READING,S3,0,50,26.44,1768407349782,,
READING,S1,0,51,27.93,1768407349782,,
READING,S1,0,51,17.65,1768407349782,,
READING,S2,0,51,15.79,1768407349782,,
READING,S2,0,51,23.23,1768407349782,,
READING,S3,0,51,20.36,1768407349783,,
READING,S3,0,51,24.10,1768407349783,,
READING,S1,0,52,15.46,1768407349783,,
READING,S1,0,52,25.72,1768407349783,,
READING,S2,0,52,28.70,1768407349783,,
READING,S2,0,52,16.51,1768407349783,,
READING,S3,0,52,33.45,1768407349783,,
READING,S3,0,52,25.28,1768407349783,,
READING,S1,0,53,17.80,1768407349783,,
READING,S1,0,53,22.45,1768407349783,,
READING,S2,0,53,30.31,1768407349783,,
READING,S2,0,53,30.63,1768407349783,,
READING,S3,0,53,24.86,1768407349783,,
READING,S3,0,53,17.29,1768407349783,,
READING,S1,0,54,16.81,1768407349783,,
READING,S1,0,54,30.01,1768407349783,,
READING,S2,0,54,15.24,1768407349783,,
READING,S2,0,54,18.72,1768407349784,,
READING,S3,0,54,18.71,1768407349784,,
READING,S3,0,54,32.44,1768407349784,,
READING,S1,0,55,25.65,1768407349784,,
READING,S1,0,55,17.77,1768407349784,,
READING,S2,0,55,28.63,1768407349784,,
READING,S2,0,55,15.81,1768407349784,,
READING,S3,0,55,20.37,1768407349784,,
READING,S3,0,55,31.59,1768407349784,,
READING,S1,0,56,17.91,1768407349784,,
READING,S1,0,56,19.24,1768407349784,,
READING,S2,0,56,31.59,1768407349785,,
READING,S2,0,56,25.40,1768407349785,,
READING,S3,0,56,31.75,1768407349785,,
READING,S3,0,56,17.83,1768407349785,,
READING,S1,0,57,16.44,1768407349786,,
READING,S1,0,57,34.84,1768407349786,,
READING,S2,0,57,28.24,1768407349786,,
READING,S2,0,57,28.72,1768407349786,,
READING,S3,0,57,19.81,1768407349786,,
READING,S3,0,57,23.49,1768407349786,,
READING,S1,0,58,23.22,1768407349786,,
READING,S1,0,58,19.59,1768407349786,,
READING,S2,0,58,25.19,1768407349786,,
READING,S2,0,58,15.03,1768407349787,,
READING,S3,0,58,31.60,1768407349787,,
READING,S3,0,58,22.62,1768407349787,,
READING,S1,0,59,23.13,1768407349787,,
READING,S1,0,59,24.75,1768407349787,,
READING,S2,0,59,28.57,1768407349787,,
READING,S2,0,59,20.14,1768407349787,,
READING,S3,0,59,31.45,1768407349787,,
READING,S3,0,59,20.81,1768407349787,,
PUNCTUATION,S1,0,0,0.0,1768407349787,hour,0
PUNCTUATION,S2,0,0,0.0,1768407349787,hour,0
PUNCTUATION,S3,0,0,0.0,1768407349787,hour,0
READING,S1,1,0,33.56,1768407349787,,
READING,S1,1,0,21.91,1768407349787,,
READING,S2,1,0,20.06,1768407349788,,
READING,S2,1,0,32.05,1768407349788,,
READING,S3,1,0,24.46,1768407349788,,
READING,S3,1,0,18.01,1768407349788,,
READING,S1,1,1,28.90,1768407349788,,
READING,S1,1,1,26.46,1768407349788,,
READING,S2,1,1,19.78,1768407349788,,
READING,S2,1,1,26.25,1768407349788,,
READING,S3,1,1,17.48,1768407349788,,
READING,S3,1,1,31.64,1768407349788,,
READING,S1,1,2,22.73,1768407349788,,
READING,S1,1,2,18.55,1768407349788,,
READING,S2,1,2,31.46,1768407349788,,
READING,S2,1,2,17.36,1768407349788,,
READING,S3,1,2,22.35,1768407349788,,
READING,S3,1,2,26.82,1768407349788,,
READING,S1,1,3,33.03,1768407349788,,
READING,S1,1,3,28.91,1768407349788,,
READING,S2,1,3,34.33,1768407349788,,
READING,S2,1,3,15.61,1768407349788,,
READING,S3,1,3,19.71,1768407349789,,
READING,S3,1,3,29.72,1768407349789,,
READING,S1,1,4,16.97,1768407349789,,
READING,S1,1,4,26.13,1768407349789,,
READING,S2,1,4,29.21,1768407349789,,
READING,S2,1,4,21.64,1768407349789,,
READING,S3,1,4,16.02,1768407349789,,
READING,S3,1,4,24.27,1768407349789,,
READING,S1,1,5,16.82,1768407349789,,
READING,S1,1,5,22.42,1768407349789,,
READING,S2,1,5,16.39,1768407349789,,
READING,S2,1,5,23.86,1768407349789,,
READING,S3,1,5,16.04,1768407349789,,
READING,S3,1,5,30.95,1768407349789,,
READING,S1,1,6,28.35,1768407349789,,
READING,S1,1,6,25.65,1768407349789,,
READING,S2,1,6,33.48,1768407349789,,
READING,S2,1,6,23.32,1768407349789,,
READING,S3,1,6,31.10,1768407349789,,
READING,S3,1,6,32.31,1768407349789,,
READING,S1,1,7,24.32,1768407349789,,
READING,S1,1,7,34.95,1768407349789,,
READING,S2,1,7,17.87,1768407349789,,
READING,S2,1,7,30.29,1768407349791,,
READING,S3,1,7,26.24,1768407349791,,
READING,S3,1,7,17.79,1768407349791,,
READING,S1,1,8,32.70,1768407349791,,
READING,S1,1,8,30.50,1768407349791,,
READING,S2,1,8,16.41,1768407349791,,
READING,S2,1,8,15.20,1768407349791,,
READING,S3,1,8,21.95,1768407349791,,
READING,S3,1,8,31.40,1768407349791,,
READING,S1,1,9,18.68,1768407349791,,
READING,S1,1,9,31.87,1768407349791,,
READING,S2,1,9,20.88,1768407349791,,
READING,S2,1,9,30.65,1768407349791,,
READING,S3,1,9,26.43,1768407349791,,
READING,S3,1,9,31.08,1768407349791,,
READING,S1,1,10,19.33,1768407349791,,
READING,S1,1,10,24.24,1768407349791,,
READING,S2,1,10,19.96,1768407349791,,
READING,S2,1,10,27.81,1768407349791,,
READING,S3,1,10,19.62,1768407349791,,
READING,S3,1,10,15.84,1768407349791,,
READING,S1,1,11,27.03,1768407349791,,
READING,S1,1,11,22.07,1768407349791,,
READING,S2,1,11,34.53,1768407349791,,
READING,S2,1,11,33.09,1768407349791,,
READING,S3,1,11,20.11,1768407349792,,
READING,S3,1,11,34.45,1768407349792,,
READING,S1,1,12,33.23,1768407349792,,
READING,S1,1,12,32.79,1768407349792,,
READING,S2,1,12,24.32,1768407349792,,
READING,S2,1,12,23.10,1768407349792,,
READING,S3,1,12,29.57,1768407349792,,
READING,S3,1,12,31.98,1768407349792,,
READING,S1,1,13,26.59,1768407349792,,
READING,S1,1,13,20.00,1768407349792,,
READING,S2,1,13,18.11,1768407349792,,
READING,S2,1,13,28.45,1768407349792,,
READING,S3,1,13,28.35,1768407349792,,
READING,S3,1,13,23.01,1768407349792,,
READING,S1,1,14,20.91,1768407349792,,
READING,S1,1,14,30.62,1768407349792,,
READING,S2,1,14,31.50,1768407349792,,
READING,S2,1,14,19.97,1768407349792,,
READING,S3,1,14,30.78,1768407349792,,
READING,S3,1,14,24.32,1768407349792,,
READING,S1,1,15,30.74,1768407349792,,
READING,S1,1,15,21.22,1768407349792,,
READING,S2,1,15,25.00,1768407349792,,
READING,S2,1,15,21.85,1768407349793,,
READING,S3,1,15,23.93,1768407349793,,
READING,S3,1,15,17.59,1768407349793,,
READING,S1,1,16,17.98,1768407349793,,
READING,S1,1,16,27.35,1768407349793,,
READING,S2,1,16,26.62,1768407349793,,
READING,S2,1,16,22.62,1768407349793,,
READING,S3,1,16,20.58,1768407349793,,
READING,S3,1,16,31.88,1768407349794,,
READING,S1,1,17,26.94,1768407349794,,
READING,S1,1,17,19.48,1768407349794,,
READING,S2,1,17,19.49,1768407349794,,
READING,S2,1,17,21.13,1768407349794,,
READING,S3,1,17,22.67,1768407349794,,
READING,S3,1,17,15.92,1768407349794,,
READING,S1,1,18,20.92,1768407349794,,
READING,S1,1,18,19.68,1768407349794,,
READING,S2,1,18,23.51,1768407349794,,
READING,S2,1,18,34.06,1768407349794,,
READING,S3,1,18,19.35,1768407349794,,
READING,S3,1,18,26.29,1768407349794,,
READING,S1,1,19,18.47,1768407349794,,
READING,S1,1,19,25.26,1768407349794,,
READING,S2,1,19,34.31,1768407349794,,
READING,S2,1,19,16.89,1768407349794,,
READING,S3,1,19,21.08,1768407349794,,
READING,S3,1,19,25.36,1768407349794,,
READING,S1,1,20,26.30,1768407349794,,
READING,S1,1,20,23.99,1768407349794,,
READING,S2,1,20,32.76,1768407349794,,
READING,S2,1,20,30.51,1768407349794,,
READING,S3,1,20,15.78,1768407349794,,
READING,S3,1,20,24.47,1768407349794,,
READING,S1,1,21,28.97,1768407349794,,
READING,S1,1,21,19.64,1768407349794,,
READING,S2,1,21,29.02,1768407349795,,
READING,S2,1,21,21.12,1768407349795,,
READING,S3,1,21,31.88,1768407349795,,
READING,S3,1,21,16.03,1768407349795,,
READING,S1,1,22,18.53,1768407349795,,
READING,S1,1,22,27.57,1768407349795,,
READING,S2,1,22,28.24,1768407349795,,
READING,S2,1,22,27.61,1768407349795,,
READING,S3,1,22,16.89,1768407349795,,
READING,S3,1,22,21.33,1768407349795,,
READING,S1,1,23,22.18,1768407349795,,
READING,S1,1,23,33.12,1768407349795,,
READING,S2,1,23,18.02,1768407349795,,
READING,S2,1,23,34.78,1768407349795,,
READING,S3,1,23,18.36,1768407349795,,
READING,S3,1,23,29.69,1768407349795,,
READING,S1,1,24,22.09,1768407349795,,
READING,S1,1,24,30.42,1768407349795,,
READING,S2,1,24,33.37,1768407349795,,
READING,S2,1,24,26.26,1768407349795,,
READING,S3,1,24,27.14,1768407349795,,
READING,S3,1,24,33.22,1768407349795,,
READING,S1,1,25,30.28,1768407349795,,
READING,S1,1,25,16.91,1768407349795,,
READING,S2,1,25,23.52,1768407349796,,
READING,S2,1,25,30.20,1768407349796,,
READING,S3,1,25,24.81,1768407349796,,
READING,S3,1,25,18.13,1768407349796,,
READING,S1,1,26,25.47,1768407349796,,
READING,S1,1,26,15.77,1768407349796,,
READING,S2,1,26,20.13,1768407349796,,
READING,S2,1,26,25.11,1768407349796,,
READING,S3,1,26,18.53,1768407349796,,
READING,S3,1,26,19.37,1768407349796,,
READING,S1,1,27,31.64,1768407349796,,
READING,S1,1,27,33.48,1768407349796,,
READING,S2,1,27,30.99,1768407349796,,
READING,S2,1,27,21.70,1768407349796,,
READING,S3,1,27,23.31,1768407349796,,
READING,S3,1,27,24.82,1768407349796,,
READING,S1,1,28,32.90,1768407349796,,
READING,S1,1,28,25.48,1768407349796,,
READING,S2,1,28,32.73,1768407349796,,
READING,S2,1,28,27.12,1768407349796,,
READING,S3,1,28,27.34,1768407349796,,
READING,S3,1,28,17.09,1768407349796,,
READING,S1,1,29,33.06,1768407349796,,
READING,S1,1,29,34.69,1768407349796,,
READING,S2,1,29,24.91,1768407349796,,
READING,S2,1,29,16.71,1768407349796,,
READING,S3,1,29,27.43,1768407349796,,
READING,S3,1,29,25.76,1768407349796,,
READING,S1,1,30,24.90,1768407349796,,
READING,S1,1,30,26.36,1768407349796,,
READING,S2,1,30,33.30,1768407349797,,
READING,S2,1,30,30.76,1768407349797,,
READING,S3,1,30,24.21,1768407349797,,
READING,S3,1,30,27.23,1768407349797,,
READING,S1,1,31,33.01,1768407349797,,
READING,S1,1,31,19.21,1768407349797,,
READING,S2,1,31,18.80,1768407349797,,
READING,S2,1,31,31.28,1768407349797,,
READING,S3,1,31,19.96,1768407349797,,
READING,S3,1,31,29.36,1768407349797,,
READING,S1,1,32,31.13,1768407349797,,
READING,S1,1,32,15.07,1768407349797,,
READING,S2,1,32,19.79,1768407349797,,
READING,S2,1,32,20.57,1768407349797,,
READING,S3,1,32,32.25,1768407349797,,
READING,S3,1,32,18.62,1768407349797,,
READING,S1,1,33,30.40,1768407349797,,
READING,S1,1,33,26.07,1768407349797,,
READING,S2,1,33,27.15,1768407349797,,
READING,S2,1,33,16.30,1768407349797,,
READING,S3,1,33,25.89,1768407349797,,
READING,S3,1,33,20.88,1768407349797,,
READING,S1,1,34,18.11,1768407349797,,
READING,S1,1,34,23.03,1768407349797,,
READING,S2,1,34,25.23,1768407349797,,
READING,S2,1,34,18.45,1768407349797,,
READING,S3,1,34,32.30,1768407349797,,
READING,S3,1,34,24.32,1768407349797,,
READING,S1,1,35,18.62,1768407349797,,
READING,S1,1,35,28.06,1768407349797,,
READING,S2,1,35,17.19,1768407349797,,
READING,S2,1,35,16.24,1768407349797,,
READING,S3,1,35,32.17,1768407349798,,
READING,S3,1,35,24.98,1768407349798,,
READING,S1,1,36,30.06,1768407349798,,
READING,S1,1,36,28.11,1768407349798,,
READING,S2,1,36,34.27,1768407349798,,
READING,S2,1,36,25.25,1768407349798,,
READING,S3,1,36,16.33,1768407349798,,
READING,S3,1,36,19.07,1768407349798,,
READING,S1,1,37,26.20,1768407349798,,
READING,S1,1,37,17.90,1768407349798,,
READING,S2,1,37,25.66,1768407349798,,
READING,S2,1,37,28.26,1768407349798,,
READING,S3,1,37,33.58,1768407349798,,
READING,S3,1,37,28.81,1768407349798,,
READING,S1,1,38,34.40,1768407349798,,
READING,S1,1,38,17.41,1768407349798,,
READING,S2,1,38,25.62,1768407349798,,
READING,S2,1,38,32.50,1768407349798,,
READING,S3,1,38,28.19,1768407349798,,
READING,S3,1,38,34.63,1768407349798,,
READING,S1,1,39,34.47,1768407349798,,
READING,S1,1,39,30.76,1768407349798,,
READING,S2,1,39,29.65,1768407349798,,
READING,S2,1,39,28.75,1768407349798,,
READING,S3,1,39,28.37,1768407349798,,
READING,S3,1,39,20.37,1768407349798,,
READING,S1,1,40,32.59,1768407349798,,
READING,S1,1,40,34.44,1768407349798,,
READING,S2,1,40,29.30,1768407349798,,
READING,S2,1,40,16.04,1768407349798,,
READING,S3,1,40,26.38,1768407349798,,
READING,S3,1,40,30.34,1768407349798,,
READING,S1,1,41,18.09,1768407349798,,
READING,S1,1,41,19.32,1768407349798,,
READING,S2,1,41,21.92,1768407349798,,
READING,S2,1,41,24.61,1768407349799,,
READING,S3,1,41,18.40,1768407349799,,
READING,S3,1,41,29.41,1768407349799,,
READING,S1,1,42,24.25,1768407349799,,
READING,S1,1,42,25.40,1768407349799,,
READING,S2,1,42,34.43,1768407349799,,
READING,S2,1,42,17.39,1768407349799,,
READING,S3,1,42,15.72,1768407349799,,
READING,S3,1,42,27.24,1768407349799,,
READING,S1,1,43,16.93,1768407349799,,
READING,S1,1,43,32.25,1768407349799,,
READING,S2,1,43,18.44,1768407349799,,
READING,S2,1,43,28.78,1768407349799,,
READING,S3,1,43,26.92,1768407349799,,
READING,S3,1,43,33.64,1768407349799,,
READING,S1,1,44,15.21,1768407349799,,
READING,S1,1,44,31.96,1768407349799,,
READING,S2,1,44,17.02,1768407349799,,
READING,S2,1,44,34.31,1768407349799,,
READING,S3,1,44,23.77,1768407349799,,
READING,S3,1,44,18.29,1768407349799,,
READING,S1,1,45,17.08,1768407349799,,
READING,S1,1,45,23.34,1768407349799,,
READING,S2,1,45,21.02,1768407349799,,
READING,S2,1,45,34.08,1768407349799,,
READING,S3,1,45,32.03,1768407349799,,
READING,S3,1,45,30.32,1768407349799,,
READING,S1,1,46,21.14,1768407349799,,
READING,S1,1,46,23.07,1768407349799,,
READING,S2,1,46,17.95,1768407349799,,
READING,S2,1,46,19.92,1768407349799,,
READING,S3,1,46,24.02,1768407349799,,
READING,S3,1,46,22.33,1768407349799,,
READING,S1,1,47,15.11,1768407349799,,
READING,S1,1,47,16.83,1768407349799,,
READING,S2,1,47,29.32,1768407349799,,
READING,S2,1,47,25.37,1768407349799,,
READING,S3,1,47,25.76,1768407349799,,
READING,S3,1,47,31.55,1768407349799,,
READING,S1,1,48,15.15,1768407349800,,
READING,S1,1,48,34.91,1768407349800,,
READING,S2,1,48,28.74,1768407349800,,
READING,S2,1,48,29.07,1768407349800,,
READING,S3,1,48,30.40,1768407349800,,
READING,S3,1,48,16.97,1768407349800,,
READING,S1,1,49,22.94,1768407349800,,
READING,S1,1,49,34.64,1768407349800,,
READING,S2,1,49,24.83,1768407349800,,
READING,S2,1,49,27.95,1768407349800,,
READING,S3,1,49,27.42,1768407349800,,
READING,S3,1,49,23.11,1768407349800,,
READING,S1,1,50,22.11,1768407349800,,
READING,S1,1,50,16.69,1768407349800,,
READING,S2,1,50,17.16,1768407349800,,
READING,S2,1,50,32.16,1768407349800,,
READING,S3,1,50,27.67,1768407349800,,
READING,S3,1,50,24.84,1768407349800,,
READING,S1,1,51,20.35,1768407349800,,
READING,S1,1,51,33.28,1768407349800,,
READING,S2,1,51,15.13,1768407349800,,
READING,S2,1,51,20.20,1768407349800,,
READING,S3,1,51,25.68,1768407349800,,
READING,S3,1,51,28.98,1768407349800,,
READING,S1,1,52,33.25,1768407349800,,
READING,S1,1,52,20.63,1768407349800,,
READING,S2,1,52,26.09,1768407349800,,
READING,S2,1,52,20.02,1768407349800,,
READING,S3,1,52,18.66,1768407349800,,
READING,S3,1,52,18.53,1768407349800,,
READING,S1,1,53,19.53,1768407349800,,
READING,S1,1,53,22.14,1768407349800,,
READING,S2,1,53,28.53,1768407349800,,
READING,S2,1,53,20.01,1768407349800,,
READING,S3,1,53,16.15,1768407349800,,
READING,S3,1,53,28.14,1768407349800,,
READING,S1,1,54,22.46,1768407349801,,
READING,S1,1,54,26.63,1768407349801,,
READING,S2,1,54,27.01,1768407349801,,
READING,S2,1,54,28.45,1768407349801,,
READING,S3,1,54,22.75,1768407349801,,
READING,S3,1,54,32.95,1768407349801,,
READING,S1,1,55,29.44,1768407349801,,
READING,S1,1,55,20.64,1768407349801,,
READING,S2,1,55,28.51,1768407349801,,
READING,S2,1,55,28.19,1768407349801,,
READING,S3,1,55,20.87,1768407349801,,
READING,S3,1,55,17.05,1768407349801,,
READING,S1,1,56,30.46,1768407349801,,
READING,S1,1,56,16.65,1768407349801,,
READING,S2,1,56,24.60,1768407349801,,
READING,S2,1,56,18.17,1768407349801,,
READING,S3,1,56,30.56,1768407349801,,
READING,S3,1,56,28.23,1768407349801,,
READING,S1,1,57,18.69,1768407349801,,
READING,S1,1,57,19.49,1768407349801,,
READING,S2,1,57,33.36,1768407349801,,
READING,S2,1,57,17.72,1768407349801,,
READING,S3,1,57,22.06,1768407349801,,
READING,S3,1,57,19.13,1768407349801,,
READING,S1,1,58,24.65,1768407349801,,
READING,S1,1,58,29.57,1768407349802,,
READING,S2,1,58,30.93,1768407349802,,
READING,S2,1,58,34.93,1768407349802,,
READING,S3,1,58,26.63,1768407349802,,
READING,S3,1,58,33.37,1768407349802,,
READING,S1,1,59,32.88,1768407349802,,
READING,S1,1,59,20.60,1768407349802,,
READING,S2,1,59,19.02,1768407349802,,
READING,S2,1,59,34.70,1768407349802,,
READING,S3,1,59,16.02,1768407349802,,
READING,S3,1,59,33.02,1768407349802,,
PUNCTUATION,S1,1,0,0.0,1768407349802,hour,1
PUNCTUATION,S2,1,0,0.0,1768407349802,hour,1
PUNCTUATION,S3,1,0,0.0,1768407349803,hour,1
READING,S1,2,0,20.57,1768407349803,,
READING,S1,2,0,15.54,1768407349803,,
READING,S2,2,0,16.26,1768407349803,,
READING,S2,2,0,25.08,1768407349803,,
READING,S3,2,0,16.37,1768407349803,,
READING,S3,2,0,19.33,1768407349804,,
READING,S1,2,1,27.04,1768407349804,,
READING,S1,2,1,22.05,1768407349804,,
READING,S2,2,1,33.16,1768407349804,,
READING,S2,2,1,26.59,1768407349804,,
READING,S3,2,1,32.71,1768407349804,,
READING,S3,2,1,23.18,1768407349804,,
READING,S1,2,2,26.83,1768407349804,,
READING,S1,2,2,28.79,1768407349804,,
READING,S2,2,2,19.35,1768407349804,,
READING,S2,2,2,34.93,1768407349804,,
READING,S3,2,2,34.21,1768407349804,,
READING,S3,2,2,20.66,1768407349804,,
READING,S1,2,3,24.81,1768407349804,,
READING,S1,2,3,27.31,1768407349804,,
READING,S2,2,3,34.80,1768407349804,,
READING,S2,2,3,33.91,1768407349804,,
READING,S3,2,3,33.73,1768407349804,,
READING,S3,2,3,30.62,1768407349804,,
READING,S1,2,4,26.93,1768407349804,,
READING,S1,2,4,29.23,1768407349804,,
READING,S2,2,4,22.53,1768407349804,,
READING,S2,2,4,16.45,1768407349804,,
READING,S3,2,4,27.88,1768407349804,,
READING,S3,2,4,27.35,1768407349804,,
READING,S1,2,5,34.38,1768407349804,,
READING,S1,2,5,33.54,1768407349804,,
READING,S2,2,5,17.49,1768407349804,,
READING,S2,2,5,34.99,1768407349804,,
READING,S3,2,5,15.04,1768407349804,,
READING,S3,2,5,17.12,1768407349804,,
READING,S1,2,6,21.01,1768407349804,,
READING,S1,2,6,27.09,1768407349804,,
READING,S2,2,6,26.27,1768407349804,,
READING,S2,2,6,18.52,1768407349804,,
READING,S3,2,6,28.34,1768407349804,,
READING,S3,2,6,22.60,1768407349805,,
READING,S1,2,7,16.00,1768407349805,,
READING,S1,2,7,30.51,1768407349805,,
READING,S2,2,7,34.14,1768407349805,,
READING,S2,2,7,18.05,1768407349805,,
READING,S3,2,7,21.34,1768407349805,,
READING,S3,2,7,33.99,1768407349805,,
READING,S1,2,8,16.03,1768407349805,,
READING,S1,2,8,20.35,1768407349805,,
READING,S2,2,8,34.24,1768407349805,,
READING,S2,2,8,21.03,1768407349805,,
READING,S3,2,8,26.60,1768407349809,,
READING,S3,2,8,28.40,1768407349809,,
READING,S1,2,9,27.92,1768407349809,,
READING,S1,2,9,20.85,1768407349809,,
READING,S2,2,9,19.13,1768407349809,,
READING,S2,2,9,31.46,1768407349809,,
READING,S3,2,9,26.84,1768407349809,,
READING,S3,2,9,26.15,1768407349809,,
READING,S1,2,10,16.30,1768407349809,,
READING,S1,2,10,21.83,1768407349809,,
READING,S2,2,10,22.92,1768407349809,,
READING,S2,2,10,29.62,1768407349809,,
READING,S3,2,10,27.05,1768407349809,,
READING,S3,2,10,18.86,1768407349809,,
READING,S1,2,11,16.45,1768407349809,,
READING,S1,2,11,32.86,1768407349809,,
READING,S2,2,11,17.04,1768407349809,,
READING,S2,2,11,32.09,1768407349809,,
READING,S3,2,11,31.12,1768407349809,,
READING,S3,2,11,23.58,1768407349809,,
READING,S1,2,12,25.39,1768407349809,,
READING,S1,2,12,32.31,1768407349809,,
READING,S2,2,12,19.98,1768407349809,,
READING,S2,2,12,30.51,1768407349809,,
READING,S3,2,12,32.10,1768407349809,,
READING,S3,2,12,31.07,1768407349810,,
READING,S1,2,13,21.13,1768407349810,,
READING,S1,2,13,20.26,1768407349810,,
READING,S2,2,13,18.60,1768407349810,,
READING,S2,2,13,31.60,1768407349810,,
READING,S3,2,13,20.46,1768407349810,,
READING,S3,2,13,15.43,1768407349810,,
READING,S1,2,14,27.38,1768407349810,,
READING,S1,2,14,26.94,1768407349810,,
READING,S2,2,14,32.41,1768407349810,,
READING,S2,2,14,29.08,1768407349810,,
READING,S3,2,14,15.56,1768407349810,,
READING,S3,2,14,24.86,1768407349810,,
READING,S1,2,15,19.05,1768407349810,,
READING,S1,2,15,27.17,1768407349810,,
READING,S2,2,15,32.14,1768407349810,,
READING,S2,2,15,33.40,1768407349810,,
READING,S3,2,15,32.85,1768407349810,,
READING,S3,2,15,27.52,1768407349810,,
READING,S1,2,16,28.87,1768407349810,,
READING,S1,2,16,25.45,1768407349810,,
READING,S2,2,16,29.26,1768407349810,,
READING,S2,2,16,21.57,1768407349810,,
READING,S3,2,16,20.73,1768407349810,,
READING,S3,2,16,16.66,1768407349810,,
READING,S1,2,17,31.26,1768407349810,,
READING,S1,2,17,23.58,1768407349810,,
READING,S2,2,17,23.52,1768407349810,,
READING,S2,2,17,16.74,1768407349810,,
READING,S3,2,17,20.17,1768407349810,,
READING,S3,2,17,30.68,1768407349810,,
READING,S1,2,18,33.35,1768407349810,,
READING,S1,2,18,31.26,1768407349810,,
READING,S2,2,18,34.37,1768407349810,,
READING,S2,2,18,16.96,1768407349810,,
READING,S3,2,18,15.58,1768407349810,,
READING,S3,2,18,18.12,1768407349810,,
READING,S1,2,19,20.76,1768407349810,,
READING,S1,2,19,24.65,1768407349810,,
READING,S2,2,19,19.18,1768407349810,,
READING,S2,2,19,21.11,1768407349810,,
READING,S3,2,19,22.68,1768407349810,,
READING,S3,2,19,16.64,1768407349810,,
READING,S1,2,20,26.76,1768407349810,,
READING,S1,2,20,31.40,1768407349810,,
READING,S2,2,20,22.15,1768407349810,,
READING,S2,2,20,15.59,1768407349810,,
READING,S3,2,20,29.96,1768407349810,,
READING,S3,2,20,27.18,1768407349810,,
READING,S1,2,21,24.64,1768407349810,,
READING,S1,2,21,17.32,1768407349810,,
READING,S2,2,21,25.41,1768407349810,,
READING,S2,2,21,31.37,1768407349811,,
READING,S3,2,21,19.85,1768407349811,,
READING,S3,2,21,28.57,1768407349811,,
READING,S1,2,22,17.36,1768407349811,,
READING,S1,2,22,28.06,1768407349811,,
READING,S2,2,22,33.66,1768407349811,,
READING,S2,2,22,22.53,1768407349811,,
READING,S3,2,22,29.69,1768407349811,,
READING,S3,2,22,29.16,1768407349811,,
READING,S1,2,23,22.89,1768407349811,,
READING,S1,2,23,29.82,1768407349811,,
READING,S2,2,23,32.15,1768407349811,,
READING,S2,2,23,24.71,1768407349811,,
READING,S3,2,23,17.36,1768407349811,,
READING,S3,2,23,26.61,1768407349811,,
READING,S1,2,24,33.64,1768407349811,,
READING,S1,2,24,22.51,1768407349811,,
READING,S2,2,24,21.76,1768407349811,,
READING,S2,2,24,27.14,1768407349811,,
READING,S3,2,24,28.60,1768407349811,,
READING,S3,2,24,25.84,1768407349811,,
READING,S1,2,25,33.48,1768407349811,,
READING,S1,2,25,33.60,1768407349811,,
READING,S2,2,25,21.90,1768407349811,,
READING,S2,2,25,31.55,1768407349811,,
READING,S3,2,25,32.22,1768407349811,,
READING,S3,2,25,22.67,1768407349811,,
READING,S1,2,26,22.15,1768407349811,,
READING,S1,2,26,15.10,1768407349811,,
READING,S2,2,26,31.98,1768407349811,,
READING,S2,2,26,15.18,1768407349811,,
READING,S3,2,26,23.67,1768407349811,,
READING,S3,2,26,24.01,1768407349811,,
READING,S1,2,27,16.79,1768407349811,,
READING,S1,2,27,23.03,1768407349811,,
READING,S2,2,27,33.59,1768407349811,,
READING,S2,2,27,26.55,1768407349811,,
READING,S3,2,27,27.77,1768407349811,,
READING,S3,2,27,15.58,1768407349811,,
READING,S1,2,28,21.66,1768407349811,,
READING,S1,2,28,18.77,1768407349811,,
READING,S2,2,28,31.02,1768407349811,,
READING,S2,2,28,17.07,1768407349811,,
READING,S3,2,28,18.02,1768407349811,,
READING,S3,2,28,19.64,1768407349811,,
READING,S1,2,29,33.42,1768407349811,,
READING,S1,2,29,15.78,1768407349811,,
READING,S2,2,29,16.79,1768407349811,,
READING,S2,2,29,21.36,1768407349811,,
READING,S3,2,29,26.36,1768407349811,,
READING,S3,2,29,16.02,1768407349811,,
READING,S1,2,30,21.69,1768407349811,,
READING,S1,2,30,30.05,1768407349811,,
READING,S2,2,30,26.49,1768407349811,,
READING,S2,2,30,34.80,1768407349811,,
READING,S3,2,30,34.31,1768407349811,,
READING,S3,2,30,30.46,1768407349812,,
READING,S1,2,31,26.69,1768407349812,,
READING,S1,2,31,16.45,1768407349812,,
READING,S2,2,31,15.00,1768407349812,,
READING,S2,2,31,17.75,1768407349812,,
READING,S3,2,31,30.70,1768407349812,,
READING,S3,2,31,30.50,1768407349812,,
READING,S1,2,32,21.95,1768407349812,,
READING,S1,2,32,19.12,1768407349812,,
READING,S2,2,32,20.37,1768407349812,,
READING,S2,2,32,30.84,1768407349812,,
READING,S3,2,32,34.81,1768407349812,,
READING,S3,2,32,18.60,1768407349812,,
READING,S1,2,33,15.67,1768407349812,,
READING,S1,2,33,27.47,1768407349812,,
READING,S2,2,33,15.94,1768407349812,,
READING,S2,2,33,19.53,1768407349812,,
READING,S3,2,33,34.88,1768407349812,,
READING,S3,2,33,16.00,1768407349812,,
READING,S1,2,34,34.35,1768407349812,,
READING,S1,2,34,30.75,1768407349812,,
READING,S2,2,34,24.36,1768407349812,,
READING,S2,2,34,24.75,1768407349812,,
READING,S3,2,34,15.58,1768407349812,,
READING,S3,2,34,25.19,1768407349812,,
READING,S1,2,35,25.88,1768407349812,,
READING,S1,2,35,34.38,1768407349812,,
READING,S2,2,35,23.81,1768407349812,,
READING,S2,2,35,32.27,1768407349812,,
READING,S3,2,35,23.01,1768407349812,,
READING,S3,2,35,20.76,1768407349812,,
READING,S1,2,36,31.95,1768407349812,,
READING,S1,2,36,29.31,1768407349812,,
READING,S2,2,36,17.67,1768407349812,,
READING,S2,2,36,28.34,1768407349812,,
READING,S3,2,36,29.89,1768407349812,,
READING,S3,2,36,31.30,1768407349812,,
READING,S1,2,37,32.70,1768407349812,,
READING,S1,2,37,18.13,1768407349812,,
READING,S2,2,37,21.59,1768407349812,,
READING,S2,2,37,23.26,1768407349812,,
READING,S3,2,37,17.16,1768407349812,,
READING,S3,2,37,32.40,1768407349812,,
READING,S1,2,38,27.54,1768407349812,,
READING,S1,2,38,34.98,1768407349812,,
READING,S2,2,38,27.29,1768407349812,,
READING,S2,2,38,15.99,1768407349812,,
READING,S3,2,38,20.81,1768407349812,,
READING,S3,2,38,23.88,1768407349812,,
READING,S1,2,39,27.97,1768407349812,,
READING,S1,2,39,33.72,1768407349812,,
READING,S2,2,39,22.00,1768407349812,,
READING,S2,2,39,28.63,1768407349812,,
READING,S3,2,39,26.89,1768407349812,,
READING,S3,2,39,22.28,1768407349812,,
READING,S1,2,40,21.32,1768407349812,,
READING,S1,2,40,23.50,1768407349812,,
READING,S2,2,40,17.03,1768407349812,,
READING,S2,2,40,15.65,1768407349812,,
READING,S3,2,40,24.44,1768407349812,,
READING,S3,2,40,21.32,1768407349812,,
READING,S1,2,41,21.62,1768407349812,,
READING,S1,2,41,23.65,1768407349812,,
READING,S2,2,41,32.88,1768407349813,,
READING,S2,2,41,21.54,1768407349813,,
READING,S3,2,41,30.27,1768407349813,,
READING,S3,2,41,24.64,1768407349813,,
READING,S1,2,42,29.32,1768407349813,,
READING,S1,2,42,19.37,1768407349813,,
READING,S2,2,42,24.86,1768407349813,,
READING,S2,2,42,15.63,1768407349813,,
READING,S3,2,42,23.70,1768407349813,,
READING,S3,2,42,21.39,1768407349813,,
READING,S1,2,43,19.56,1768407349813,,
READING,S1,2,43,25.48,1768407349813,,
READING,S2,2,43,26.73,1768407349813,,
READING,S2,2,43,33.96,1768407349813,,
READING,S3,2,43,20.54,1768407349813,,
READING,S3,2,43,20.44,1768407349813,,
READING,S1,2,44,34.27,1768407349813,,
READING,S1,2,44,21.57,1768407349813,,
READING,S2,2,44,27.78,1768407349813,,
READING,S2,2,44,34.93,1768407349813,,
READING,S3,2,44,27.92,1768407349813,,
READING,S3,2,44,34.17,1768407349813,,
READING,S1,2,45,34.04,1768407349813,,
READING,S1,2,45,25.24,1768407349813,,
READING,S2,2,45,25.36,1768407349813,,
READING,S2,2,45,34.82,1768407349813,,
READING,S3,2,45,24.04,1768407349813,,
READING,S3,2,45,28.90,1768407349813,,
READING,S1,2,46,27.13,1768407349813,,
READING,S1,2,46,21.92,1768407349813,,
READING,S2,2,46,20.88,1768407349813,,
READING,S2,2,46,18.25,1768407349813,,
READING,S3,2,46,25.81,1768407349813,,
READING,S3,2,46,34.12,1768407349813,,
READING,S1,2,47,25.84,1768407349813,,
READING,S1,2,47,23.22,1768407349813,,
READING,S2,2,47,28.10,1768407349813,,
READING,S2,2,47,29.96,1768407349813,,
READING,S3,2,47,32.95,1768407349813,,
READING,S3,2,47,25.40,1768407349813,,
READING,S1,2,48,30.91,1768407349813,,
READING,S1,2,48,29.34,1768407349813,,
READING,S2,2,48,30.35,1768407349813,,
READING,S2,2,48,33.05,1768407349813,,
READING,S3,2,48,28.21,1768407349813,,
READING,S3,2,48,29.40,1768407349813,,
READING,S1,2,49,26.52,1768407349813,,
READING,S1,2,49,15.07,1768407349813,,
READING,S2,2,49,27.06,1768407349813,,
READING,S2,2,49,23.38,1768407349813,,
READING,S3,2,49,21.62,1768407349813,,
READING,S3,2,49,21.00,1768407349813,,
READING,S1,2,50,18.76,1768407349813,,
READING,S1,2,50,17.95,1768407349813,,
READING,S2,2,50,21.58,1768407349813,,
READING,S2,2,50,23.38,1768407349813,,
READING,S3,2,50,23.29,1768407349813,,
READING,S3,2,50,21.67,1768407349813,,
READING,S1,2,51,25.64,1768407349813,,
READING,S1,2,51,29.18,1768407349813,,
READING,S2,2,51,24.29,1768407349813,,
READING,S2,2,51,25.38,1768407349813,,
READING,S3,2,51,26.96,1768407349813,,
READING,S3,2,51,17.89,1768407349813,,
READING,S1,2,52,15.50,1768407349813,,
READING,S1,2,52,33.84,1768407349813,,
READING,S2,2,52,30.31,1768407349813,,
READING,S2,2,52,15.01,1768407349813,,
READING,S3,2,52,29.38,1768407349813,,
READING,S3,2,52,17.32,1768407349813,,
READING,S1,2,53,30.62,1768407349814,,
READING,S1,2,53,21.96,1768407349814,,
READING,S2,2,53,34.11,1768407349814,,
READING,S2,2,53,31.35,1768407349814,,
READING,S3,2,53,32.26,1768407349814,,
READING,S3,2,53,16.08,1768407349814,,
READING,S1,2,54,25.96,1768407349814,,
READING,S1,2,54,23.92,1768407349814,,
READING,S2,2,54,19.68,1768407349814,,
READING,S2,2,54,27.54,1768407349814,,
READING,S3,2,54,30.64,1768407349814,,
READING,S3,2,54,29.91,1768407349814,,
READING,S1,2,55,17.39,1768407349814,,
READING,S1,2,55,34.10,1768407349814,,
READING,S2,2,55,19.49,1768407349814,,
READING,S2,2,55,24.60,1768407349814,,
READING,S3,2,55,19.49,1768407349814,,
READING,S3,2,55,29.02,1768407349814,,
READING,S1,2,56,24.20,1768407349814,,
READING,S1,2,56,30.63,1768407349814,,
READING,S2,2,56,27.16,1768407349814,,
READING,S2,2,56,32.88,1768407349814,,
READING,S3,2,56,17.09,1768407349814,,
READING,S3,2,56,25.18,1768407349814,,
READING,S1,2,57,26.37,1768407349814,,
READING,S1,2,57,15.46,1768407349814,,
READING,S2,2,57,33.34,1768407349814,,
READING,S2,2,57,18.56,1768407349814,,
READING,S3,2,57,27.50,1768407349814,,
READING,S3,2,57,30.62,1768407349814,,
READING,S1,2,58,25.84,1768407349814,,
READING,S1,2,58,28.82,1768407349814,,
READING,S2,2,58,33.26,1768407349814,,
READING,S2,2,58,24.08,1768407349814,,
READING,S3,2,58,24.14,1768407349814,,
READING,S3,2,58,22.57,1768407349814,,
READING,S1,2,59,22.47,1768407349814,,
READING,S1,2,59,31.43,1768407349814,,
READING,S2,2,59,34.54,1768407349814,,
READING,S2,2,59,27.07,1768407349814,,
READING,S3,2,59,32.99,1768407349814,,
READING,S3,2,59,22.42,1768407349814,,
PUNCTUATION,S1,2,0,0.0,1768407349814,hour,2
PUNCTUATION,S2,2,0,0.0,1768407349814,hour,2
PUNCTUATION,S3,2,0,0.0,1768407349814,hour,2
READING,S1,3,0,30.16,1768407349814,,
READING,S1,3,0,25.34,1768407349814,,
READING,S2,3,0,19.39,1768407349814,,
READING,S2,3,0,26.20,1768407349814,,
READING,S3,3,0,17.02,1768407349814,,
READING,S3,3,0,22.25,1768407349814,,
READING,S1,3,1,28.33,1768407349814,,
READING,S1,3,1,31.74,1768407349814,,
READING,S2,3,1,24.92,1768407349814,,
READING,S2,3,1,17.32,1768407349814,,
READING,S3,3,1,17.55,1768407349814,,
READING,S3,3,1,18.02,1768407349814,,
READING,S1,3,2,20.32,1768407349814,,
READING,S1,3,2,17.68,1768407349814,,
READING,S2,3,2,23.60,1768407349814,,
READING,S2,3,2,29.29,1768407349814,,
READING,S3,3,2,32.77,1768407349814,,
READING,S3,3,2,33.47,1768407349814,,
READING,S1,3,3,17.40,1768407349814,,
READING,S1,3,3,31.96,1768407349814,,
READING,S2,3,3,25.77,1768407349814,,
READING,S2,3,3,16.92,1768407349814,,
READING,S3,3,3,16.97,1768407349814,,
READING,S3,3,3,32.08,1768407349814,,
READING,S1,3,4,28.62,1768407349814,,
READING,S1,3,4,16.61,1768407349814,,
READING,S2,3,4,32.22,1768407349814,,
READING,S2,3,4,34.63,1768407349814,,
READING,S3,3,4,16.43,1768407349814,,
READING,S3,3,4,18.41,1768407349814,,
READING,S1,3,5,18.12,1768407349814,,
READING,S1,3,5,29.59,1768407349814,,
READING,S2,3,5,22.47,1768407349815,,
READING,S2,3,5,16.21,1768407349815,,
READING,S3,3,5,29.13,1768407349815,,
READING,S3,3,5,33.24,1768407349815,,
READING,S1,3,6,28.79,1768407349815,,
READING,S1,3,6,16.86,1768407349815,,
READING,S2,3,6,20.69,1768407349815,,
READING,S2,3,6,18.09,1768407349815,,
READING,S3,3,6,29.25,1768407349815,,
READING,S3,3,6,16.45,1768407349815,,
READING,S1,3,7,31.46,1768407349815,,
READING,S1,3,7,29.59,1768407349815,,
READING,S2,3,7,32.23,1768407349815,,
READING,S2,3,7,27.73,1768407349815,,
READING,S3,3,7,23.81,1768407349815,,
READING,S3,3,7,34.16,1768407349815,,
READING,S1,3,8,29.79,1768407349815,,
READING,S1,3,8,32.39,1768407349815,,
READING,S2,3,8,19.49,1768407349815,,
READING,S2,3,8,28.75,1768407349815,,
READING,S3,3,8,24.18,1768407349815,,
READING,S3,3,8,15.99,1768407349815,,
READING,S1,3,9,22.43,1768407349815,,
READING,S1,3,9,29.94,1768407349815,,
READING,S2,3,9,33.59,1768407349815,,
READING,S2,3,9,18.04,1768407349815,,
READING,S3,3,9,31.32,1768407349815,,
READING,S3,3,9,27.73,1768407349815,,
READING,S1,3,10,34.39,1768407349815,,
READING,S1,3,10,15.72,1768407349815,,
READING,S2,3,10,30.64,1768407349815,,
READING,S2,3,10,17.70,1768407349815,,
READING,S3,3,10,19.11,1768407349815,,
READING,S3,3,10,15.19,1768407349815,,
READING,S1,3,11,31.10,1768407349815,,
READING,S1,3,11,34.15,1768407349815,,
READING,S2,3,11,16.40,1768407349815,,
READING,S2,3,11,31.70,1768407349815,,
READING,S3,3,11,27.61,1768407349815,,
READING,S3,3,11,16.32,1768407349815,,
READING,S1,3,12,32.18,1768407349815,,
READING,S1,3,12,16.84,1768407349815,,
READING,S2,3,12,16.26,1768407349815,,
READING,S2,3,12,29.93,1768407349815,,
READING,S3,3,12,29.43,1768407349815,,
READING,S3,3,12,19.30,1768407349815,,
READING,S1,3,13,20.50,1768407349815,,
READING,S1,3,13,17.26,1768407349815,,
READING,S2,3,13,28.45,1768407349815,,
READING,S2,3,13,24.04,1768407349815,,
READING,S3,3,13,20.99,1768407349815,,
READING,S3,3,13,20.15,1768407349815,,
READING,S1,3,14,18.90,1768407349815,,
READING,S1,3,14,24.23,1768407349815,,
READING,S2,3,14,23.91,1768407349815,,
READING,S2,3,14,32.60,1768407349815,,
READING,S3,3,14,30.32,1768407349815,,
READING,S3,3,14,19.92,1768407349815,,
READING,S1,3,15,17.72,1768407349815,,
READING,S1,3,15,32.16,1768407349815,,
READING,S2,3,15,28.83,1768407349815,,
READING,S2,3,15,28.12,1768407349815,,
READING,S3,3,15,20.17,1768407349815,,
READING,S3,3,15,32.69,1768407349815,,
READING,S1,3,16,34.28,1768407349815,,
READING,S1,3,16,29.84,1768407349815,,
READING,S2,3,16,23.63,1768407349815,,
READING,S2,3,16,34.96,1768407349815,,
READING,S3,3,16,24.23,1768407349815,,
READING,S3,3,16,31.64,1768407349815,,
READING,S1,3,17,30.02,1768407349815,,
READING,S1,3,17,26.07,1768407349815,,
READING,S2,3,17,29.19,1768407349815,,
READING,S2,3,17,21.42,1768407349815,,
READING,S3,3,17,24.12,1768407349815,,
READING,S3,3,17,33.98,1768407349815,,
READING,S1,3,18,26.73,1768407349815,,
READING,S1,3,18,31.18,1768407349815,,
READING,S2,3,18,28.19,1768407349815,,
READING,S2,3,18,19.10,1768407349815,,
READING,S3,3,18,31.37,1768407349815,,
READING,S3,3,18,23.27,1768407349815,,
READING,S1,3,19,30.26,1768407349815,,
READING,S1,3,19,21.32,1768407349815,,
READING,S2,3,19,31.75,1768407349815,,
READING,S2,3,19,30.57,1768407349816,,
READING,S3,3,19,23.11,1768407349816,,
READING,S3,3,19,18.07,1768407349816,,
READING,S1,3,20,27.02,1768407349816,,
READING,S1,3,20,26.30,1768407349816,,
READING,S2,3,20,32.06,1768407349816,,
READING,S2,3,20,26.49,1768407349816,,
READING,S3,3,20,20.18,1768407349816,,
READING,S3,3,20,34.19,1768407349816,,
READING,S1,3,21,25.53,1768407349816,,
READING,S1,3,21,21.18,1768407349816,,
READING,S2,3,21,17.84,1768407349816,,
READING,S2,3,21,16.38,1768407349816,,
READING,S3,3,21,34.62,1768407349816,,
READING,S3,3,21,17.86,1768407349816,,
READING,S1,3,22,23.01,1768407349816,,
READING,S1,3,22,32.64,1768407349816,,
READING,S2,3,22,15.17,1768407349816,,
READING,S2,3,22,33.07,1768407349816,,
READING,S3,3,22,30.40,1768407349816,,
READING,S3,3,22,32.23,1768407349816,,
READING,S1,3,23,29.02,1768407349816,,
READING,S1,3,23,29.70,1768407349816,,
READING,S2,3,23,22.00,1768407349816,,
READING,S2,3,23,17.55,1768407349816,,
READING,S3,3,23,20.09,1768407349816,,
READING,S3,3,23,19.52,1768407349816,,
READING,S1,3,24,15.15,1768407349816,,
READING,S1,3,24,27.35,1768407349816,,
READING,S2,3,24,34.97,1768407349816,,
READING,S2,3,24,15.02,1768407349816,,
READING,S3,3,24,34.58,1768407349816,,
READING,S3,3,24,26.58,1768407349816,,
READING,S1,3,25,28.15,1768407349816,,
READING,S1,3,25,24.73,1768407349816,,
READING,S2,3,25,25.57,1768407349816,,
READING,S2,3,25,19.75,1768407349816,,
READING,S3,3,25,17.20,1768407349816,,
READING,S3,3,25,29.36,1768407349816,,
READING,S1,3,26,16.22,1768407349816,,
READING,S1,3,26,25.14,1768407349816,,
READING,S2,3,26,34.99,1768407349816,,
READING,S2,3,26,18.94,1768407349816,,
READING,S3,3,26,33.29,1768407349816,,
READING,S3,3,26,18.47,1768407349816,,
READING,S1,3,27,22.41,1768407349816,,
READING,S1,3,27,15.33,1768407349816,,
READING,S2,3,27,18.51,1768407349816,,
READING,S2,3,27,16.09,1768407349816,,
READING,S3,3,27,18.00,1768407349816,,
READING,S3,3,27,28.88,1768407349816,,
READING,S1,3,28,19.88,1768407349816,,
READING,S1,3,28,20.52,1768407349816,,
READING,S2,3,28,28.85,1768407349816,,
READING,S2,3,28,23.31,1768407349816,,
READING,S3,3,28,26.05,1768407349816,,
READING,S3,3,28,33.70,1768407349816,,
READING,S1,3,29,30.78,1768407349816,,
READING,S1,3,29,28.62,1768407349816,,
READING,S2,3,29,30.94,1768407349816,,
READING,S2,3,29,17.27,1768407349816,,
READING,S3,3,29,25.54,1768407349816,,
READING,S3,3,29,28.19,1768407349816,,
READING,S1,3,30,20.43,1768407349816,,
READING,S1,3,30,23.33,1768407349816,,
READING,S2,3,30,17.45,1768407349816,,
READING,S2,3,30,33.48,1768407349816,,
READING,S3,3,30,23.27,1768407349816,,
READING,S3,3,30,33.91,1768407349816,,
READING,S1,3,31,22.81,1768407349816,,
READING,S1,3,31,27.21,1768407349816,,
READING,S2,3,31,24.49,1768407349816,,
READING,S2,3,31,32.98,1768407349816,,
READING,S3,3,31,31.38,1768407349816,,
READING,S3,3,31,24.38,1768407349816,,
READING,S1,3,32,20.79,1768407349816,,
READING,S1,3,32,30.96,1768407349816,,
READING,S2,3,32,21.51,1768407349816,,
READING,S2,3,32,29.14,1768407349816,,
READING,S3,3,32,25.09,1768407349816,,
READING,S3,3,32,28.21,1768407349816,,
READING,S1,3,33,27.66,1768407349816,,
READING,S1,3,33,15.53,1768407349816,,
READING,S2,3,33,19.86,1768407349816,,
READING,S2,3,33,21.67,1768407349816,,
READING,S3,3,33,32.44,1768407349816,,
READING,S3,3,33,29.73,1768407349816,,
READING,S1,3,34,17.48,1768407349817,,
READING,S1,3,34,26.61,1768407349817,,
READING,S2,3,34,23.90,1768407349817,,
READING,S2,3,34,22.72,1768407349817,,
READING,S3,3,34,29.88,1768407349817,,
READING,S3,3,34,23.96,1768407349817,,
READING,S1,3,35,23.31,1768407349817,,
READING,S1,3,35,33.51,1768407349817,,
READING,S2,3,35,19.63,1768407349817,,
READING,S2,3,35,33.29,1768407349817,,
READING,S3,3,35,28.70,1768407349817,,
READING,S3,3,35,34.95,1768407349817,,
READING,S1,3,36,19.60,1768407349817,,
READING,S1,3,36,30.94,1768407349817,,
READING,S2,3,36,34.88,1768407349817,,
READING,S2,3,36,27.20,1768407349817,,
READING,S3,3,36,29.63,1768407349817,,
READING,S3,3,36,23.61,1768407349817,,
READING,S1,3,37,22.29,1768407349817,,
READING,S1,3,37,16.97,1768407349817,,
READING,S2,3,37,25.09,1768407349817,,
READING,S2,3,37,28.70,1768407349817,,
READING,S3,3,37,33.46,1768407349817,,
READING,S3,3,37,34.54,1768407349817,,
READING,S1,3,38,24.32,1768407349817,,
READING,S1,3,38,24.47,1768407349817,,
READING,S2,3,38,18.84,1768407349817,,
READING,S2,3,38,15.32,1768407349817,,
READING,S3,3,38,19.98,1768407349817,,
READING,S3,3,38,15.29,1768407349817,,
READING,S1,3,39,31.60,1768407349817,,
READING,S1,3,39,27.79,1768407349817,,
READING,S2,3,39,22.54,1768407349817,,
READING,S2,3,39,30.64,1768407349817,,
READING,S3,3,39,24.79,1768407349817,,
READING,S3,3,39,25.31,1768407349817,,
READING,S1,3,40,33.61,1768407349817,,
READING,S1,3,40,19.60,1768407349817,,
READING,S2,3,40,33.95,1768407349817,,
READING,S2,3,40,16.00,1768407349817,,
READING,S3,3,40,20.93,1768407349817,,
READING,S3,3,40,17.27,1768407349817,,
READING,S1,3,41,32.73,1768407349817,,
READING,S1,3,41,21.73,1768407349817,,
READING,S2,3,41,27.89,1768407349817,,
READING,S2,3,41,24.12,1768407349817,,
READING,S3,3,41,30.30,1768407349817,,
READING,S3,3,41,34.99,1768407349817,,
READING,S1,3,42,15.72,1768407349817,,
READING,S1,3,42,34.98,1768407349817,,
READING,S2,3,42,15.25,1768407349817,,
READING,S2,3,42,20.73,1768407349817,,
READING,S3,3,42,28.57,1768407349817,,
READING,S3,3,42,20.26,1768407349817,,
READING,S1,3,43,22.60,1768407349817,,
READING,S1,3,43,29.23,1768407349817,,
READING,S2,3,43,28.64,1768407349817,,
READING,S2,3,43,18.95,1768407349817,,
READING,S3,3,43,28.27,1768407349817,,
READING,S3,3,43,25.45,1768407349817,,
READING,S1,3,44,31.49,1768407349817,,
READING,S1,3,44,30.18,1768407349817,,
READING,S2,3,44,18.16,1768407349817,,
READING,S2,3,44,20.68,1768407349817,,
READING,S3,3,44,20.02,1768407349817,,
READING,S3,3,44,28.15,1768407349817,,
READING,S1,3,45,18.20,1768407349817,,
READING,S1,3,45,33.03,1768407349817,,
READING,S2,3,45,29.73,1768407349817,,
READING,S2,3,45,33.85,1768407349817,,
READING,S3,3,45,25.69,1768407349817,,
READING,S3,3,45,24.61,1768407349817,,
READING,S1,3,46,17.57,1768407349817,,
READING,S1,3,46,16.23,1768407349817,,
READING,S2,3,46,32.48,1768407349817,,
READING,S2,3,46,25.58,1768407349817,,
READING,S3,3,46,32.15,1768407349817,,
READING,S3,3,46,25.30,1768407349817,,
READING,S1,3,47,16.38,1768407349817,,
READING,S1,3,47,17.58,1768407349817,,
READING,S2,3,47,33.71,1768407349817,,
READING,S2,3,47,20.27,1768407349817,,
READING,S3,3,47,17.88,1768407349817,,
READING,S3,3,47,32.65,1768407349817,,
READING,S1,3,48,29.21,1768407349817,,
READING,S1,3,48,26.72,1768407349817,,
READING,S2,3,48,16.89,1768407349817,,
READING,S2,3,48,27.53,1768407349817,,
READING,S3,3,48,29.90,1768407349817,,
READING,S3,3,48,18.76,1768407349818,,
READING,S1,3,49,16.09,1768407349818,,
READING,S1,3,49,17.74,1768407349818,,
READING,S2,3,49,26.55,1768407349818,,
READING,S2,3,49,34.38,1768407349818,,
READING,S3,3,49,26.07,1768407349818,,
READING,S3,3,49,21.19,1768407349818,,
READING,S1,3,50,31.08,1768407349818,,
READING,S1,3,50,15.15,1768407349818,,
READING,S2,3,50,30.95,1768407349818,,
READING,S2,3,50,26.59,1768407349818,,
READING,S3,3,50,32.33,1768407349818,,
READING,S3,3,50,15.16,1768407349818,,
READING,S1,3,51,32.63,1768407349818,,
READING,S1,3,51,28.78,1768407349818,,
READING,S2,3,51,18.45,1768407349818,,
READING,S2,3,51,28.27,1768407349818,,
READING,S3,3,51,26.94,1768407349818,,
READING,S3,3,51,19.60,1768407349818,,
READING,S1,3,52,28.74,1768407349818,,
READING,S1,3,52,17.47,1768407349818,,
READING,S2,3,52,15.46,1768407349818,,
READING,S2,3,52,31.15,1768407349818,,
READING,S3,3,52,33.70,1768407349818,,
READING,S3,3,52,16.00,1768407349818,,
READING,S1,3,53,23.13,1768407349818,,
READING,S1,3,53,16.17,1768407349818,,
READING,S2,3,53,23.56,1768407349818,,
READING,S2,3,53,25.45,1768407349818,,
READING,S3,3,53,33.68,1768407349818,,
READING,S3,3,53,19.41,1768407349818,,
READING,S1,3,54,33.03,1768407349818,,
READING,S1,3,54,23.43,1768407349818,,
READING,S2,3,54,32.31,1768407349818,,
READING,S2,3,54,23.40,1768407349818,,
READING,S3,3,54,22.42,1768407349818,,
READING,S3,3,54,30.20,1768407349818,,
READING,S1,3,55,18.42,1768407349818,,
READING,S1,3,55,22.09,1768407349818,,
READING,S2,3,55,34.13,1768407349818,,
READING,S2,3,55,31.95,1768407349818,,
READING,S3,3,55,19.61,1768407349818,,
READING,S3,3,55,26.78,1768407349818,,
READING,S1,3,56,27.46,1768407349818,,
READING,S1,3,56,17.01,1768407349818,,
READING,S2,3,56,23.10,1768407349818,,
READING,S2,3,56,20.03,1768407349818,,
READING,S3,3,56,24.19,1768407349818,,
READING,S3,3,56,30.45,1768407349818,,
READING,S1,3,57,20.01,1768407349818,,
READING,S1,3,57,25.46,1768407349818,,
READING,S2,3,57,33.13,1768407349818,,
READING,S2,3,57,32.26,1768407349818,,
READING,S3,3,57,34.37,1768407349818,,
READING,S3,3,57,33.90,1768407349818,,
READING,S1,3,58,22.36,1768407349818,,
READING,S1,3,58,15.17,1768407349818,,
READING,S2,3,58,19.36,1768407349818,,
READING,S2,3,58,19.63,1768407349818,,
READING,S3,3,58,34.77,1768407349818,,
READING,S3,3,58,18.87,1768407349818,,
READING,S1,3,59,30.54,1768407349818,,
READING,S1,3,59,34.59,1768407349818,,
READING,S2,3,59,34.65,1768407349819,,
READING,S2,3,59,29.30,1768407349819,,
READING,S3,3,59,28.25,1768407349819,,
READING,S3,3,59,22.63,1768407349819,,
PUNCTUATION,S1,3,0,0.0,1768407349819,hour,3
PUNCTUATION,S2,3,0,0.0,1768407349819,hour,3
PUNCTUATION,S3,3,0,0.0,1768407349819,hour,3
READING,S1,4,0,30.71,1768407349819,,
READING,S1,4,0,34.21,1768407349819,,
READING,S2,4,0,19.46,1768407349819,,
READING,S2,4,0,31.46,1768407349819,,
READING,S3,4,0,24.69,1768407349819,,
READING,S3,4,0,18.80,1768407349819,,
READING,S1,4,1,23.17,1768407349819,,
READING,S1,4,1,15.38,1768407349819,,
READING,S2,4,1,23.59,1768407349819,,
READING,S2,4,1,29.21,1768407349819,,
READING,S3,4,1,32.86,1768407349819,,
READING,S3,4,1,18.56,1768407349819,,
READING,S1,4,2,28.28,1768407349819,,
READING,S1,4,2,25.73,1768407349819,,
READING,S2,4,2,34.48,1768407349819,,
READING,S2,4,2,25.63,1768407349819,,
READING,S3,4,2,31.64,1768407349820,,
READING,S3,4,2,32.44,1768407349820,,
READING,S1,4,3,19.07,1768407349820,,
READING,S1,4,3,23.86,1768407349820,,
READING,S2,4,3,25.28,1768407349820,,
READING,S2,4,3,25.45,1768407349820,,
READING,S3,4,3,25.60,1768407349820,,
READING,S3,4,3,19.75,1768407349820,,
READING,S1,4,4,25.55,1768407349820,,
READING,S1,4,4,28.22,1768407349820,,
READING,S2,4,4,21.05,1768407349820,,
READING,S2,4,4,31.63,1768407349820,,
READING,S3,4,4,26.66,1768407349820,,
READING,S3,4,4,18.91,1768407349820,,
READING,S1,4,5,32.90,1768407349820,,
READING,S1,4,5,19.44,1768407349820,,
READING,S2,4,5,31.64,1768407349820,,
READING,S2,4,5,22.29,1768407349820,,
READING,S3,4,5,31.71,1768407349820,,
READING,S3,4,5,33.01,1768407349820,,
READING,S1,4,6,20.25,1768407349820,,
READING,S1,4,6,16.54,1768407349820,,
READING,S2,4,6,20.72,1768407349820,,
READING,S2,4,6,21.13,1768407349820,,
READING,S3,4,6,27.15,1768407349820,,
READING,S3,4,6,34.11,1768407349820,,
READING,S1,4,7,23.50,1768407349820,,
READING,S1,4,7,24.81,1768407349820,,
READING,S2,4,7,23.19,1768407349820,,
READING,S2,4,7,34.84,1768407349820,,
READING,S3,4,7,30.94,1768407349820,,
READING,S3,4,7,20.55,1768407349820,,
READING,S1,4,8,18.18,1768407349820,,
READING,S1,4,8,19.47,1768407349820,,
READING,S2,4,8,34.16,1768407349820,,
READING,S2,4,8,21.74,1768407349820,,
READING,S3,4,8,34.33,1768407349820,,
READING,S3,4,8,32.26,1768407349821,,
READING,S1,4,9,31.68,1768407349821,,
READING,S1,4,9,30.04,1768407349821,,
READING,S2,4,9,16.14,1768407349821,,
READING,S2,4,9,32.33,1768407349821,,
READING,S3,4,9,15.61,1768407349821,,
READING,S3,4,9,32.00,1768407349821,,
READING,S1,4,10,24.84,1768407349821,,
READING,S1,4,10,15.41,1768407349821,,
READING,S2,4,10,34.42,1768407349821,,
READING,S2,4,10,21.25,1768407349821,,
READING,S3,4,10,33.24,1768407349821,,
READING,S3,4,10,19.61,1768407349821,,
READING,S1,4,11,17.99,1768407349821,,
READING,S1,4,11,31.40,1768407349821,,
READING,S2,4,11,30.15,1768407349821,,
READING,S2,4,11,32.23,1768407349821,,
READING,S3,4,11,34.13,1768407349821,,
READING,S3,4,11,30.69,1768407349821,,
READING,S1,4,12,22.97,1768407349821,,
READING,S1,4,12,27.96,1768407349821,,
READING,S2,4,12,25.68,1768407349821,,
READING,S2,4,12,16.04,1768407349821,,
READING,S3,4,12,31.45,1768407349821,,
READING,S3,4,12,33.19,1768407349821,,
READING,S1,4,13,31.71,1768407349821,,
READING,S1,4,13,30.83,1768407349821,,
READING,S2,4,13,15.99,1768407349821,,
READING,S2,4,13,26.02,1768407349821,,
READING,S3,4,13,27.41,1768407349821,,
READING,S3,4,13,18.76,1768407349821,,
READING,S1,4,14,20.02,1768407349821,,
READING,S1,4,14,26.95,1768407349821,,
READING,S2,4,14,23.42,1768407349821,,
READING,S2,4,14,34.31,1768407349821,,
READING,S3,4,14,27.34,1768407349821,,
READING,S3,4,14,31.38,1768407349821,,
READING,S1,4,15,27.21,1768407349821,,
READING,S1,4,15,19.17,1768407349821,,
READING,S2,4,15,22.53,1768407349821,,
READING,S2,4,15,21.92,1768407349821,,
READING,S3,4,15,26.53,1768407349821,,
READING,S3,4,15,23.70,1768407349821,,
READING,S1,4,16,15.63,1768407349821,,
READING,S1,4,16,15.69,1768407349821,,
READING,S2,4,16,28.43,1768407349821,,
READING,S2,4,16,22.60,1768407349821,,
READING,S3,4,16,30.42,1768407349821,,
READING,S3,4,16,29.82,1768407349821,,
READING,S1,4,17,15.72,1768407349822,,
READING,S1,4,17,24.61,1768407349822,,
READING,S2,4,17,19.81,1768407349822,,
READING,S2,4,17,27.08,1768407349822,,
READING,S3,4,17,27.44,1768407349822,,
READING,S3,4,17,27.94,1768407349822,,
READING,S1,4,18,21.80,1768407349822,,
READING,S1,4,18,32.73,1768407349822,,
READING,S2,4,18,29.76,1768407349822,,
READING,S2,4,18,24.53,1768407349822,,
READING,S3,4,18,24.35,1768407349822,,
READING,S3,4,18,33.46,1768407349822,,
READING,S1,4,19,19.35,1768407349822,,
READING,S1,4,19,29.48,1768407349822,,
READING,S2,4,19,28.88,1768407349822,,
READING,S2,4,19,19.97,1768407349822,,
READING,S3,4,19,32.82,1768407349822,,
READING,S3,4,19,25.08,1768407349822,,
READING,S1,4,20,28.48,1768407349822,,
READING,S1,4,20,15.70,1768407349822,,
READING,S2,4,20,22.28,1768407349822,,
READING,S2,4,20,22.67,1768407349822,,
READING,S3,4,20,29.16,1768407349822,,
READING,S3,4,20,25.99,1768407349822,,
READING,S1,4,21,19.92,1768407349822,,
READING,S1,4,21,20.28,1768407349822,,
READING,S2,4,21,20.23,1768407349822,,
READING,S2,4,21,24.40,1768407349822,,
READING,S3,4,21,32.58,1768407349822,,
READING,S3,4,21,29.20,1768407349822,,
READING,S1,4,22,23.65,1768407349822,,
READING,S1,4,22,25.76,1768407349822,,
READING,S2,4,22,20.94,1768407349822,,
READING,S2,4,22,18.27,1768407349822,,
READING,S3,4,22,20.81,1768407349822,,
READING,S3,4,22,19.22,1768407349822,,
READING,S1,4,23,27.53,1768407349822,,
READING,S1,4,23,21.18,1768407349822,,
READING,S2,4,23,30.30,1768407349822,,
READING,S2,4,23,28.92,1768407349822,,
READING,S3,4,23,22.63,1768407349822,,
READING,S3,4,23,29.26,1768407349822,,
READING,S1,4,24,30.36,1768407349822,,
READING,S1,4,24,34.41,1768407349822,,
READING,S2,4,24,17.80,1768407349822,,
READING,S2,4,24,29.60,1768407349822,,
READING,S3,4,24,25.78,1768407349822,,
READING,S3,4,24,18.96,1768407349822,,
READING,S1,4,25,33.20,1768407349822,,
READING,S1,4,25,27.06,1768407349822,,
READING,S2,4,25,30.41,1768407349822,,
READING,S2,4,25,19.49,1768407349822,,
READING,S3,4,25,16.45,1768407349822,,
READING,S3,4,25,27.20,1768407349822,,
READING,S1,4,26,33.91,1768407349822,,
READING,S1,4,26,28.91,1768407349822,,
READING,S2,4,26,18.73,1768407349822,,
READING,S2,4,26,17.05,1768407349822,,
READING,S3,4,26,23.99,1768407349822,,
READING,S3,4,26,28.98,1768407349822,,
READING,S1,4,27,16.44,1768407349822,,
READING,S1,4,27,20.78,1768407349822,,
READING,S2,4,27,23.87,1768407349823,,
READING,S2,4,27,29.67,1768407349823,,
READING,S3,4,27,26.04,1768407349823,,
READING,S3,4,27,27.84,1768407349824,,
READING,S1,4,28,19.01,1768407349824,,
READING,S1,4,28,19.77,1768407349824,,
READING,S2,4,28,33.66,1768407349824,,
READING,S2,4,28,33.01,1768407349824,,
READING,S3,4,28,26.42,1768407349824,,
READING,S3,4,28,32.52,1768407349824,,
READING,S1,4,29,31.37,1768407349824,,
READING,S1,4,29,29.47,1768407349824,,
READING,S2,4,29,25.68,1768407349824,,
READING,S2,4,29,20.22,1768407349824,,
READING,S3,4,29,17.44,1768407349824,,
READING,S3,4,29,18.86,1768407349824,,
READING,S1,4,30,21.36,1768407349824,,
READING,S1,4,30,31.93,1768407349824,,
READING,S2,4,30,19.40,1768407349824,,
READING,S2,4,30,25.63,1768407349824,,
READING,S3,4,30,23.47,1768407349824,,
READING,S3,4,30,19.64,1768407349824,,
READING,S1,4,31,15.36,1768407349824,,
READING,S1,4,31,26.71,1768407349824,,
READING,S2,4,31,34.34,1768407349824,,
READING,S2,4,31,20.18,1768407349824,,
READING,S3,4,31,21.90,1768407349824,,
READING,S3,4,31,32.40,1768407349824,,
READING,S1,4,32,18.66,1768407349824,,
READING,S1,4,32,32.05,1768407349824,,
READING,S2,4,32,24.48,1768407349824,,
READING,S2,4,32,19.17,1768407349824,,
READING,S3,4,32,26.40,1768407349824,,
READING,S3,4,32,29.99,1768407349824,,
READING,S1,4,33,30.75,1768407349824,,
READING,S1,4,33,21.23,1768407349824,,
READING,S2,4,33,17.83,1768407349824,,
READING,S2,4,33,33.04,1768407349824,,
READING,S3,4,33,25.86,1768407349824,,
READING,S3,4,33,33.83,1768407349824,,
READING,S1,4,34,24.19,1768407349824,,
READING,S1,4,34,26.59,1768407349824,,
READING,S2,4,34,24.47,1768407349824,,
READING,S2,4,34,28.63,1768407349824,,
READING,S3,4,34,28.20,1768407349824,,
READING,S3,4,34,33.56,1768407349824,,
READING,S1,4,35,24.34,1768407349824,,
READING,S1,4,35,28.83,1768407349824,,
READING,S2,4,35,24.33,1768407349824,,
READING,S2,4,35,15.39,1768407349824,,
READING,S3,4,35,32.95,1768407349824,,
READING,S3,4,35,20.23,1768407349824,,
READING,S1,4,36,20.50,1768407349824,,
READING,S1,4,36,19.48,1768407349824,,
READING,S2,4,36,20.48,1768407349824,,
READING,S2,4,36,23.46,1768407349824,,
READING,S3,4,36,29.96,1768407349824,,
READING,S3,4,36,16.85,1768407349824,,
READING,S1,4,37,29.66,1768407349824,,
READING,S1,4,37,21.68,1768407349824,,
READING,S2,4,37,15.02,1768407349824,,
READING,S2,4,37,30.67,1768407349824,,
READING,S3,4,37,26.74,1768407349824,,
READING,S3,4,37,28.86,1768407349824,,
READING,S1,4,38,22.70,1768407349824,,
READING,S1,4,38,24.60,1768407349824,,
READING,S2,4,38,25.95,1768407349824,,
READING,S2,4,38,34.06,1768407349824,,
READING,S3,4,38,16.52,1768407349824,,
READING,S3,4,38,18.55,1768407349824,,
READING,S1,4,39,24.73,1768407349824,,
READING,S1,4,39,28.79,1768407349824,,
READING,S2,4,39,18.25,1768407349824,,
READING,S2,4,39,28.30,1768407349824,,
READING,S3,4,39,26.76,1768407349824,,
READING,S3,4,39,16.44,1768407349824,,
READING,S1,4,40,28.86,1768407349824,,
READING,S1,4,40,25.87,1768407349824,,
READING,S2,4,40,25.49,1768407349824,,
READING,S2,4,40,15.71,1768407349824,,
READING,S3,4,40,18.87,1768407349824,,
READING,S3,4,40,27.51,1768407349825,,
READING,S1,4,41,32.27,1768407349825,,
READING,S1,4,41,22.91,1768407349825,,
READING,S2,4,41,24.83,1768407349825,,
READING,S2,4,41,17.53,1768407349825,,
READING,S3,4,41,19.88,1768407349825,,
READING,S3,4,41,32.13,1768407349825,,
READING,S1,4,42,20.86,1768407349825,,
READING,S1,4,42,27.97,1768407349825,,
READING,S2,4,42,34.95,1768407349825,,
READING,S2,4,42,26.96,1768407349825,,
READING,S3,4,42,32.09,1768407349825,,
READING,S3,4,42,16.30,1768407349825,,
READING,S1,4,43,30.86,1768407349825,,
READING,S1,4,43,32.27,1768407349825,,
READING,S2,4,43,20.25,1768407349825,,
READING,S2,4,43,16.48,1768407349825,,
READING,S3,4,43,26.37,1768407349825,,
READING,S3,4,43,30.64,1768407349825,,
READING,S1,4,44,20.72,1768407349825,,
READING,S1,4,44,22.28,1768407349825,,
READING,S2,4,44,24.77,1768407349825,,
READING,S2,4,44,24.35,1768407349825,,
READING,S3,4,44,25.04,1768407349825,,
READING,S3,4,44,15.87,1768407349825,,
READING,S1,4,45,33.35,1768407349825,,
READING,S1,4,45,21.01,1768407349825,,
READING,S2,4,45,23.35,1768407349825,,
READING,S2,4,45,19.90,1768407349825,,
READING,S3,4,45,23.42,1768407349825,,
READING,S3,4,45,18.25,1768407349825,,
READING,S1,4,46,27.00,1768407349825,,
READING,S1,4,46,26.24,1768407349825,,
READING,S2,4,46,27.80,1768407349825,,
READING,S2,4,46,21.68,1768407349825,,
READING,S3,4,46,23.26,1768407349825,,
READING,S3,4,46,21.29,1768407349825,,
READING,S1,4,47,24.06,1768407349825,,
READING,S1,4,47,28.86,1768407349825,,
READING,S2,4,47,31.33,1768407349825,,
READING,S2,4,47,23.91,1768407349825,,
READING,S3,4,47,19.79,1768407349825,,
READING,S3,4,47,31.73,1768407349825,,
READING,S1,4,48,31.40,1768407349825,,
READING,S1,4,48,19.86,1768407349825,,
READING,S2,4,48,19.11,1768407349825,,
READING,S2,4,48,30.14,1768407349825,,
READING,S3,4,48,27.42,1768407349825,,
READING,S3,4,48,34.35,1768407349825,,
READING,S1,4,49,28.22,1768407349825,,
READING,S1,4,49,29.85,1768407349825,,
READING,S2,4,49,17.89,1768407349825,,
READING,S2,4,49,32.95,1768407349825,,
READING,S3,4,49,32.67,1768407349825,,
READING,S3,4,49,19.90,1768407349825,,
READING,S1,4,50,28.87,1768407349825,,
READING,S1,4,50,20.47,1768407349825,,
READING,S2,4,50,28.56,1768407349825,,
READING,S2,4,50,26.12,1768407349825,,
READING,S3,4,50,28.86,1768407349825,,
READING,S3,4,50,17.24,1768407349825,,
READING,S1,4,51,15.68,1768407349825,,
READING,S1,4,51,20.49,1768407349825,,
READING,S2,4,51,15.89,1768407349825,,
READING,S2,4,51,32.48,1768407349825,,
READING,S3,4,51,22.20,1768407349825,,
READING,S3,4,51,29.08,1768407349825,,
READING,S1,4,52,24.04,1768407349825,,
READING,S1,4,52,26.01,1768407349825,,
READING,S2,4,52,26.72,1768407349825,,
READING,S2,4,52,25.40,1768407349825,,
READING,S3,4,52,18.46,1768407349825,,
READING,S3,4,52,30.82,1768407349825,,
READING,S1,4,53,16.78,1768407349826,,
READING,S1,4,53,20.59,1768407349826,,
READING,S2,4,53,16.21,1768407349826,,
READING,S2,4,53,21.76,1768407349826,,
READING,S3,4,53,30.47,1768407349826,,
READING,S3,4,53,26.80,1768407349826,,
READING,S1,4,54,23.33,1768407349826,,
READING,S1,4,54,18.32,1768407349826,,
READING,S2,4,54,31.91,1768407349826,,
READING,S2,4,54,16.18,1768407349826,,
READING,S3,4,54,17.83,1768407349826,,
READING,S3,4,54,23.28,1768407349826,,
READING,S1,4,55,30.62,1768407349826,,
READING,S1,4,55,24.27,1768407349826,,
READING,S2,4,55,33.03,1768407349826,,
READING,S2,4,55,23.08,1768407349826,,
READING,S3,4,55,29.84,1768407349826,,
READING,S3,4,55,33.37,1768407349826,,
READING,S1,4,56,25.78,1768407349826,,
READING,S1,4,56,30.85,1768407349826,,
READING,S2,4,56,19.44,1768407349826,,
READING,S2,4,56,19.66,1768407349826,,
READING,S3,4,56,30.29,1768407349826,,
READING,S3,4,56,18.22,1768407349826,,
READING,S1,4,57,15.54,1768407349826,,
READING,S1,4,57,15.53,1768407349826,,
READING,S2,4,57,19.87,1768407349826,,
READING,S2,4,57,18.46,1768407349826,,
READING,S3,4,57,30.62,1768407349826,,
READING,S3,4,57,28.11,1768407349826,,
READING,S1,4,58,25.79,1768407349826,,
READING,S1,4,58,30.00,1768407349826,,
READING,S2,4,58,15.47,1768407349826,,
READING,S2,4,58,23.96,1768407349826,,
READING,S3,4,58,15.78,1768407349826,,
READING,S3,4,58,26.87,1768407349826,,
READING,S1,4,59,27.66,1768407349826,,
READING,S1,4,59,20.55,1768407349826,,
READING,S2,4,59,32.67,1768407349826,,
READING,S2,4,59,30.53,1768407349826,,
READING,S3,4,59,29.69,1768407349826,,
READING,S3,4,59,15.66,1768407349826,,
PUNCTUATION,S1,4,0,0.0,1768407349826,hour,4
PUNCTUATION,S2,4,0,0.0,1768407349826,hour,4
PUNCTUATION,S3,4,0,0.0,1768407349826,hour,4
